drop database cine_senai_max;

create database cine_senai_max;

use cine_senai_max;

CREATE TABLE filmes (
	id_filme INT,
    titulo VARCHAR(60),
    genero VARCHAR(45),
    duracao VARCHAR(45),
    ano_lancamento INT,
    preco_aluguel DOUBLE,
    PRIMARY KEY(id_filme)
);

CREATE TABLE atores (
	id_ator INT,
    nome_ator VARCHAR(60),
    ano_nascimento INT,
    nacionalidade VARCHAR(20),
    sexo VARCHAR(10),
    PRIMARY KEY(id_ator)
);

CREATE TABLE atuacoes (
    id_filme INT,
    id_ator INT,
    FOREIGN KEY (id_filme) REFERENCES filmes(id_filme),
    FOREIGN KEY (id_ator) REFERENCES atores(id_ator)
);

-- Crie aqui a tabela clientes
CREATE TABLE clientes(
			id_cliente INT,
            nome_cliente VARCHAR(45),
            estado VARCHAR(45),
            regiao VARCHAR(45),
            sexo VARCHAR(10),
            data_nascimento DATE,
            data_conta DATE,
			PRIMARY KEY(id_cliente)
);
            
-- Crie aqui a tabela alugueis
CREATE TABLE alugueis(
			id_aluguel INT,
            id_cliente INT,
            id_filme INT,
            nota DOUBLE,
            data_aluguel DATE,
            PRIMARY KEY(id_aluguel),
            FOREIGN KEY (id_cliente) REFERENCES clientes(id_cliente),
            FOREIGN KEY (id_filme) REFERENCES filmes(id_filme)
);

-- Ao final, cadastre todos os dados a seguir:

INSERT INTO filmes VALUES (1,'Que mulher é essa?','Comédia',93,2001,2.09),(2,'A Senha','Drama',99,2001,2.19),(3,'Do que as mulheres gostam','Comédia',127,2001,2.59),(4,'Dia de Treinamento','Drama',122,2001,1.79),(5,'O Senhor dos Anéis: A sociedade do anel','Ficção e Fantasia',178,2001,2.59),(6,'Harry Potter e a Pedra Filosofal','Ficção e Fantasia',152,2001,2.69),(7,'Os Excêntricos Tenenbaums','Comédia',110,2002,1.89),(8,'Seu marido e minha mulher','Comédia',91,2002,2.59),(9,'11 de setembro','Drama',134,2002,2.99),(10,'Simone','Drama',117,2002,2.69),(11,'É hora do show','Comédia',95,2002,1.79),(12,'O Senhor dos Anéis: As duas torres','Ficção e Fantasia',179,2002,2.39),(13,'Harry Potter e a Câmara Secreta','Ficção e Fantasia',161,2002,1.79),(14,'O Novato','Mistério e Suspense',115,2003,1.69),(15,'Alguém tem que ceder','Comédia',128,2003,1.69),(16,'A última noite','Drama',135,2003,1.59),(17,'Revelações','Mistério e Suspense',106,2003,1.99),(18,'Lições Para Toda a Vida','Drama',111,2003,1.69),(19,'21 gramas','Drama',124,2003,2.09),(20,'Simplesmente amor','Comédia',135,2003,2.29),(21,'O Senhor dos Anéis: O retorno do rei','Ficção e Fantasia',200,2003,1.99),(22,'Visões','Arte',107,2004,2.59),(23,'Dança comigo','Drama',106,2004,1.69),(24,'Uma Eleição Muito Atrapalhada','Comédia',110,2004,2.89),(25,'Bridget Jones: No Limite da Razão','Drama',108,2004,2.89),(26,'Ray','Drama',152,2004,2.59),(27,'Monster - Desejo Assassino','Drama',109,2004,2.09),(28,'Harry Potter e o Prisioneiro de Azkabam','Ficção e Fantasia',142,2004,1.69),(29,'Tudo por Dinheiro','Drama',122,2005,2.79),(30,'Capote','Drama',114,2005,2.39),(31,'Harry Potter e o Cálice de Fogo','Ficção e Fantasia',157,2005,2.69),(32,'Falsária','Drama',93,2006,2.89),(33,'V de Vingança','Drama',132,2006,1.59),(34,'Armações do Amor','Drama',97,2006,1.99),(35,'Happy Feet','Animação',108,2006,1.79),(36,'As Torres Gêmeas','Drama',129,2006,1.59),(37,'Candy','Drama',116,2006,1.59),(38,'A casa do lago','Drama',99,2006,2.49),(39,'Não estou lá','Drama',135,2007,1.79),(40,'Quando Me Apaixono','Drama',100,2007,1.99),(41,'O Reino','Drama',110,2007,2.09),(42,'Onde os Fracos Não Têm Vez','Drama',122,2007,1.49),(43,'Invasores','Mistério e Suspense',99,2007,2.09),(44,'Harry Potter e a Ordem da Fênix','Ficção e Fantasia',138,2007,2.49),(45,'Queime Depois de Ler','Drama',96,2008,2.39),(46,'Sleepwalking','Drama',101,2008,1.79),(47,'Um Amor de Tesouro','Ação e Aventura',112,2008,2.69),(48,'Astro Boy','Ação e Aventura',94,2009,2.89),(49,'Harry Potter e o Enigma do Príncipe','Ficção e Fantasia',153,2009,1.59),(50,'Inverno da Alma','Drama',100,2010,2.69),(51,'Uma Manhã Gloriosa','Comédia',107,2010,2.99),(52,'Jogo de Poder','Drama',108,2010,2.89),(53,'O Vencedor','Ação e Aventura',116,2010,2.49),(54,'Harry Potter e as Relíquias da Morte: Parte 1','Ficção e Fantasia',146,2010,2.79),(55,'Mulheres ao Ataque','Drama',102,2011,1.69),(56,'Cada Um Tem a Gêmea Que Merece','Comédia',91,2011,2.09),(57,'Jovens Adultos','Drama',94,2011,1.99),(58,'Histórias Cruzadas','Drama',146,2011,2.49),(59,'Pior dos Pecados','Mistério e Suspense',111,2011,2.39),(60,'Morte Negra','Drama',102,2011,2.69),(61,'Harry Potter e as Relíquias da Morte: Parte 2','Ficção e Fantasia',130,2011,1.99),(62,'As Sessões','Drama',95,2012,2.29),(63,'Django Livre','Ação e Aventura',165,2012,2.69),(64,'A Viagem','Drama',172,2012,2.89),(65,'Motoqueiro Fantasma - Espírito de Vingança','Ação e Aventura',96,2012,1.79),(66,'Jogos Vorazes','Drama',142,2012,1.59),(67,'O Ataque','Drama',131,2013,1.59),(68,'Sem proteção','Mistério e Suspense',125,2013,2.39),(69,'Sangue no Gelo','Mistério e Suspense',105,2013,2.49),(70,'Capitão Phillips','Drama',134,2013,1.59),(71,'Rio 2','Animação',101,2014,1.79);

INSERT INTO atores VALUES (1,'Abbie Cornish',1982,'Austrália','feminino'),(2,'Adam Sandler',1966,'EUA','masculino'),(3,'Al Pacino',1940,'EUA','masculino'),(4,'Amy Adams',1974,'EUA','feminino'),(5,'Andrea Riseborough',1981,'Reino Unido','feminino'),(6,'Anjelica Huston',1951,'EUA','feminino'),(7,'Annasophia Robb',1993,'EUA','feminino'),(8,'Anne Hathaway',1982,'EUA','feminino'),(9,'Anthony Hopkins',1937,'Reino Unido','masculino'),(10,'Barkhad Abdi',1985,'Somália','masculino'),(11,'Barry Pepper',1970,'Canadá','masculino'),(12,'Benicio Del Toro',1967,'Porto Rico','masculino'),(13,'Bette Midler',1945,'EUA','feminino'),(14,'Bill Nighy',1949,'Reino Unido','masculino'),(15,'Bridget Moynahan',1971,'EUA','feminino'),(16,'Bruce Dern',1936,'EUA','masculino'),(17,'Bruce McGill',1950,'EUA','masculino'),(18,'Bryce Dallas Howard',1981,'EUA','feminino'),(19,'Carice van Houten',1976,'Holanda','feminino'),(20,'Cate Blanchett',1969,'Austrália','feminino'),(21,'Catherine Keener',1959,'EUA','feminino'),(22,'Channing Tatum',1980,'EUA','masculino'),(23,'Charlize Theron',1975,'África do Sul','feminino'),(24,'Chris Cooper',1951,'EUA','masculino'),(25,'Christian Bale',1974,'Reino Unido','masculino'),(26,'Christina Ricci',1980,'EUA','feminino'),(27,'Christoph Waltz',1956,'Áustria','masculino'),(28,'Ciaran Hinds',1953,'Irlanda do Norte','masculino'),(29,'Colin Farrell',1976,'Irlanda','masculino'),(30,'Colin Firth',1960,'Reino Unido','masculino'),(31,'Daniel Craig',1968,'Reino Unido','masculino'),(32,'Daniel Radcliffe',1989,'Reino Unido','masculino'),(33,'Denzel Washington',1954,'EUA','masculino'),(34,'Diane Keaton',1946,'EUA','feminino'),(35,'Donald Sutherland',1935,'Canadá','masculino'),(36,'Eddie Murphy',1961,'EUA','masculino'),(37,'Eddie Redmayne',1982,'Reino Unido','masculino'),(38,'Ed Harris',1950,'EUA','masculino'),(39,'Edward Norton',1969,'EUA','masculino'),(40,'Elijah Wood',1981,'EUA','masculino'),(41,'Emma Stone',1988,'EUA','feminino'),(42,'Emma Watson',1990,'Reino Unido','feminino'),(43,'Ethan Hawke',1970,'EUA','masculino'),(44,'Fernando Tielve',1986,'Espanha','masculino'),(45,'Frances McDormand',1957,'EUA','feminino'),(46,'Freddie Highmore',1992,'Reino Unido','masculino'),(47,'Gene Hackman',1930,'EUA','masculino'),(48,'Geoffrey Rush',1951,'Austrália','masculino'),(49,'George Clooney',1961,'EUA','masculino'),(50,'Gwyneth Paltrow',1972,'EUA','feminino'),(51,'Haley Joel Osment',1988,'EUA','masculino'),(52,'Halle Berry',1966,'EUA','feminino'),(53,'Harrison Ford',1942,'EUA','masculino'),(54,'Heath Ledger',1979,'Austrália','masculino'),(55,'Hector Bordoni',1965,'Argentina','masculino'),(56,'Helen Hunt',1963,'EUA','feminino'),(57,'Helen Mirren',1945,'Reino Unido','feminino'),(58,'Hugh Grant',1960,'Reino Unido','masculino'),(59,'Hugh Jackman',1968,'Austrália','masculino'),(60,'Hugo Weaving',1960,'Austrália','masculino'),(61,'Ian McKellen',1939,'Reino Unido','masculino'),(62,'Irene Escolar',1988,'Espanha','feminino'),(63,'Jack Nicholson',1937,'EUA','masculino'),(64,'Jamie Foxx',1967,'EUA','masculino'),(65,'Javier Bardem',1969,'Espanha','masculino'),(66,'Jennifer Garner',1972,'EUA','feminino'),(67,'Jennifer Lawrence',1990,'EUA','feminino'),(68,'Jennifer Lopez',1969,'EUA','feminino'),(69,'Jeremy Northam',1961,'Reino Unido','masculino'),(70,'Jesse Eisenberg',1983,'EUA','masculino'),(71,'Jim Broadbent',1949,'Reino Unido','masculino'),(72,'John Cusack',1966,'EUA','masculino'),(73,'John Hawkes',1959,'EUA','masculino'),(74,'John Malkovich',1953,'EUA','masculino'),(75,'John Travolta',1954,'EUA','masculino'),(76,'Josh Brolin',1968,'EUA','masculino'),(77,'Josh Hutcherson',1992,'EUA','masculino'),(78,'Julie Christie',1940,'Reino Unido','feminino'),(79,'Kate Hudson',1979,'EUA','feminino'),(80,'Katie Holmes',1978,'EUA','feminino'),(81,'Keanu Reeves',1964,'Canadá','masculino'),(82,'Kerry Washington',1977,'EUA','feminino'),(83,'Kevin Breznahan',1968,'EUA','masculino'),(84,'Kristen Bell',1980,'EUA','feminino'),(85,'Leonardo DiCaprio',1974,'EUA','masculino'),(86,'Liam Hemsworth',1990,'Austrália','masculino'),(87,'Liam Neeson',1952,'Irlanda do Norte','masculino'),(88,'Lisa Kudrow',1963,'EUA','feminino'),(89,'Liv Tyler',1977,'EUA','feminino'),(90,'Maggie Gyllenhaal',1977,'EUA','feminino'),(91,'Marcia Gay Harden',1959,'EUA','feminino'),(92,'Marisa Tomei',1964,'EUA','feminino'),(93,'Mark Wahlberg',1971,'EUA','masculino'),(94,'Maryam Karimi',1980,'Afeganistão','feminino'),(95,'Matt Dillon',1964,'EUA','masculino'),(96,'Matthew McConaughey',1969,'EUA','masculino'),(97,'Mel Gibson',1956,'EUA','masculino'),(98,'Michael Caine',1933,'Reino Unido','masculino'),(99,'Michael Pena',1976,'EUA','masculino'),(100,'Mohamad Dolati',1989,'Bahrein','masculino'),(101,'Naomi Watts',1968,'Reino Unido','feminino'),(102,'Natalie Portman',1981,'Israel','feminino'),(103,'Natasha Richardson',1963,'Reino Unido','feminino'),(104,'Nick Stahl',1979,'EUA','masculino'),(105,'Nicolas Cage',1964,'EUA','masculino'),(106,'Nicole Kidman',1967,'Austrália','feminino'),(107,'Patrick Swayze',1952,'EUA','masculino'),(108,'Patrick Wilson',1973,'EUA','masculino'),(109,'Patton Oswalt',1969,'EUA','masculino'),(110,'Paul Reiser',1956,'EUA','masculino'),(111,'Philip Seymour Hoffman',1967,'EUA','masculino'),(112,'Rachel McAdams',1978,'Canadá','feminino'),(113,'Rachel Roberts',1927,'Reino Unido','feminino'),(114,'Ray Romano',1957,'EUA','masculino'),(115,'Regina King',1971,'EUA','feminino'),(116,'Renee Zellweger',1969,'EUA','feminino'),(117,'Rene Russo',1954,'EUA','feminino'),(118,'Richard Gere',1949,'EUA','masculino'),(119,'Robert De Niro',1943,'EUA','masculino'),(120,'Robert Duvall',1931,'EUA','masculino'),(121,'Robert Redford',1936,'EUA','masculino'),(122,'Robin Williams',1951,'EUA','masculino'),(123,'Rupert Grint',1988,'Reino Unido','masculino'),(124,'Sam Riley',1980,'Reino Unido','masculino'),(125,'Sandra Bullock',1964,'EUA','feminino'),(126,'Sarah Jessica Parker',1965,'EUA','feminino'),(127,'Scarlett Johansson',1984,'EUA','feminino'),(128,'Scott Cohen',1961,'EUA','masculino'),(129,'Scott Glenn',1939,'EUA','masculino'),(130,'Sean Bean',1959,'Reino Unido','masculino'),(131,'Sean Penn',1960,'EUA','masculino'),(132,'Shia LaBeouf',1986,'EUA','masculino'),(133,'Shohreh Aghdashloo',1952,'Irã','feminino'),(134,'Stephen Rea',1946,'Irlanda','masculino'),(135,'Susan Sarandon',1946,'EUA','feminino'),(136,'Tom Hanks',1956,'EUA','masculino'),(137,'Tommy Lee Jones',1946,'EUA','masculino'),(138,'Tom Wilkinson',1948,'Reino Unido','masculino'),(139,'Vanessa Hudgens',1988,'EUA','feminino'),(140,'Viggo Mortensen',1958,'EUA','masculino'),(141,'Viola Davis',1965,'EUA','feminino'),(142,'Violante Placido',1976,'Itália','feminino'),(143,'will.i.am',1975,'EUA','masculino'),(144,'William H. Macy',1950,'EUA','masculino'),(145,'Zooey Deschanel',1980,'EUA','feminino');

INSERT INTO atuacoes VALUES (37,1),(56,2),(10,3),(14,3),(29,3),(56,3),(53,4),(59,5),(7,6),(46,7),(71,8),(17,9),(70,10),(16,11),(19,12),(40,13),(20,14),(14,15),(27,16),(52,17),(58,18),(60,19),(39,20),(10,21),(30,21),(70,21),(67,22),(8,23),(27,23),(46,23),(57,23),(41,24),(30,24),(53,25),(39,25),(27,26),(63,27),(65,28),(14,29),(25,30),(40,30),(43,31),(6,32),(13,32),(28,32),(31,32),(44,32),(49,32),(54,32),(61,32),(4,33),(15,34),(51,34),(47,35),(11,36),(60,37),(17,38),(16,39),(5,40),(12,40),(21,40),(35,40),(58,41),(6,42),(13,42),(28,42),(31,42),(44,42),(49,42),(54,42),(61,42),(4,43),(22,44),(45,45),(15,45),(48,46),(7,47),(24,47),(37,48),(45,49),(7,50),(18,51),(64,52),(2,52),(51,53),(37,54),(22,55),(3,56),(32,56),(40,56),(62,56),(59,57),(20,58),(25,58),(2,59),(35,59),(33,60),(5,61),(12,61),(21,61),(22,62),(15,63),(26,64),(41,64),(63,64),(67,64),(42,65),(41,66),(50,67),(66,67),(23,68),(43,69),(71,70),(64,71),(69,72),(62,73),(50,73),(45,74),(2,75),(42,76),(66,77),(68,78),(47,79),(56,80),(38,81),(26,82),(50,83),(48,84),(63,85),(66,86),(20,87),(55,88),(1,89),(36,90),(67,90),(24,91),(3,92),(53,93),(9,94),(1,95),(34,96),(47,96),(29,96),(3,97),(18,98),(36,99),(9,100),(52,101),(19,101),(33,102),(55,102),(8,103),(46,104),(36,105),(65,105),(69,105),(48,105),(43,106),(17,106),(8,107),(57,108),(57,109),(1,110),(30,111),(16,111),(51,112),(10,113),(24,114),(26,115),(25,116),(11,117),(29,117),(23,118),(39,118),(11,119),(18,120),(68,121),(35,122),(6,123),(13,123),(28,123),(31,123),(44,123),(49,123),(54,123),(61,123),(59,124),(38,125),(34,126),(32,127),(55,128),(4,129),(60,130),(9,131),(19,131),(52,131),(68,132),(38,133),(33,134),(23,135),(64,136),(70,136),(42,137),(32,138),(69,139),(5,140),(12,140),(21,140),(58,141),(65,142),(71,143),(62,144),(34,145);

INSERT INTO clientes VALUES (3,'Bianca Paz','Pará','Norte','feminino','1974-08-07','2019-02-14'),(4,'Luiza Cabral','Pará','Norte','feminino','1991-01-04','2017-11-22'),(5,'Ana Silva','Pará','Norte','feminino','1977-03-01','2018-12-16'),(6,'Natalia Marinho','Bahia','Nordeste','feminino','1994-04-05','2018-08-26'),(7,'Chan Santos','Bahia','Nordeste','feminino','1993-11-14','2018-05-12'),(8,'Fernanda Ferreira','Bahia','Nordeste','feminino','1990-08-31','2018-02-08'),(12,'Raissa Negrelli','Espírito Santo','Sudeste','feminino','1994-01-14','2018-12-02'),(15,'Julia Penteado','Espírito Santo','Sudeste','feminino','1977-11-12','2018-06-20'),(16,'Thays Castro','Espírito Santo','Sudeste','feminino','1990-05-27','2018-10-02'),(17,'Mariana Baptista','Espírito Santo','Sudeste','feminino','1998-09-15','2018-02-07'),(19,'Natalia Guedes','Rio Grande do Sul','Sul','feminino','1972-04-14','2017-01-13'),(20,'Manuela Merege','Rio Grande do Sul','Sul','feminino','1990-09-30','2018-11-03'),(21,'Bruna Ramos','Rio Grande do Sul','Sul','feminino','1986-03-17','2017-06-11'),(22,'Isabela Resende','Rio Grande do Sul','Sul','feminino','1970-01-10','2018-11-18'),(23,'Raíza Lopes','Rio Grande do Sul','Sul','feminino','1981-12-10','2017-09-04'),(37,'Larissa Florim','Goiás','Centro-Oeste','feminino','1984-12-16','2018-12-09'),(38,'Luíza Melo','Goiás','Centro-Oeste','feminino','1974-07-02','2017-11-06'),(39,'Fernanda Junior','Goiás','Centro-Oeste','feminino','1975-07-28','2018-01-19'),(40,'Bianca Procaci','Goiás','Centro-Oeste','feminino','1990-12-18','2019-01-18'),(41,'Manuela Ferreira','Goiás','Centro-Oeste','feminino','1994-07-08','2017-06-12'),(42,'Juliana Correa','Paraná','Sul','feminino','1992-07-07','2018-11-08'),(43,'Jéssica Resinente','Paraná','Sul','feminino','1995-09-04','2018-08-17'),(44,'Adrielle Forte','Paraná','Sul','feminino','1994-11-28','2018-08-12'),(45,'Thayna Martins','Paraná','Sul','feminino','1998-11-27','2017-08-09'),(46,'Juliana Souza','Paraná','Sul','feminino','1984-03-13','2017-06-26'),(60,'Tayla Lima','São Paulo','Sudeste','feminino','1972-03-09','2018-10-24'),(61,'Beatriz Silva','São Paulo','Sudeste','feminino','1974-01-11','2017-05-14'),(62,'Juliana Mesquita','São Paulo','Sudeste','feminino','1985-11-29','2018-05-22'),(63,'Myllena Carneiro','São Paulo','Sudeste','feminino','1976-03-21','2018-10-13'),(64,'Nina Magalhães','São Paulo','Sudeste','feminino','1972-09-18','2018-09-20'),(65,'Clara Bruno','São Paulo','Sudeste','feminino','1978-04-02','2017-04-09'),(66,'Aline Morais','São Paulo','Sudeste','feminino','1981-04-23','2017-02-28'),(67,'Livia Corrêa','São Paulo','Sudeste','feminino','1998-04-19','2018-11-22'),(68,'Andressa Chou','São Paulo','Sudeste','feminino','1980-01-20','2019-02-18'),(69,'Vanessa Rodrigues','São Paulo','Sudeste','feminino','1999-05-04','2018-12-23'),(70,'Gabrielle Costa','São Paulo','Sudeste','feminino','1971-07-31','2018-05-10'),(71,'Marina Cormack','São Paulo','Sudeste','feminino','1981-04-02','2017-11-23'),(72,'Bruna Silveira','São Paulo','Sudeste','feminino','1997-04-20','2017-09-07'),(73,'Mariana Miranda','São Paulo','Sudeste','feminino','1983-01-15','2018-01-15'),(89,'Adrielle Vieira','Pernambuco','Nordeste','feminino','1975-05-10','2017-03-03'),(90,'Maria Moita','Pernambuco','Nordeste','feminino','1988-12-31','2019-01-13'),(91,'Maria Gasperi','Pernambuco','Nordeste','feminino','1988-07-13','2018-01-05'),(92,'Ives Teixeira','Pernambuco','Nordeste','feminino','1986-05-02','2017-09-21'),(93,'Rafaela Gomes','Minas Gerais','Sudeste','feminino','1997-08-12','2017-04-19'),(94,'Amanda Braga','Minas Gerais','Sudeste','feminino','1989-11-19','2017-04-08'),(95,'Laís Oliveira','Minas Gerais','Sudeste','feminino','1992-01-28','2017-05-31'),(96,'Rachel Restum','Minas Gerais','Sudeste','feminino','1981-07-15','2018-09-19'),(97,'Juliana Silva','Minas Gerais','Sudeste','feminino','1978-08-21','2017-06-18'),(98,'Ylana Teraoka','Minas Gerais','Sudeste','feminino','1977-07-07','2017-09-22'),(99,'Gabrielle Silva','Minas Gerais','Sudeste','feminino','1996-09-12','2017-01-31'),(110,'Camilla Guimarães','Rio de Janeiro','Sudeste','feminino','1998-07-17','2017-10-31'),(111,'Amanda Felippe','Rio de Janeiro','Sudeste','feminino','1980-11-05','2017-06-17'),(112,'Elena Barreto','Rio de Janeiro','Sudeste','feminino','1979-11-20','2017-10-15'),(113,'Isabela Chagas','Rio de Janeiro','Sudeste','feminino','1970-11-03','2017-06-13'),(114,'Gabrielle Vasconcelos','Rio de Janeiro','Sudeste','feminino','1997-04-01','2017-02-14'),(115,'Natália Appel','Rio de Janeiro','Sudeste','feminino','1977-10-14','2019-02-21'),(116,'Letícia Rodrigues','Rio de Janeiro','Sudeste','feminino','1991-03-30','2017-12-10'),(117,'Viviane Cunha','Rio de Janeiro','Sudeste','feminino','1996-01-30','2018-11-09'),(118,'Juliana Huon','Rio de Janeiro','Sudeste','feminino','1978-11-01','2017-11-24'),(119,'Ana Bôas','Rio de Janeiro','Sudeste','feminino','1998-12-08','2019-03-06'),(121,'Ana Soledade','Acre','Norte','feminino','1987-03-02','2017-09-13'),(122,'Roberta Nogueira','Acre','Norte','feminino','1971-04-15','2018-11-27'),(1,'Antonio Manhães','Pará','Norte','masculino','1980-07-30','2018-09-02'),(2,'Silvio Fahrnholz','Pará','Norte','masculino','1971-11-17','2018-10-15'),(9,'Leonardo Ferreira','Bahia','Nordeste','masculino','1982-06-18','2019-03-10'),(10,'Arthur Rocha','Bahia','Nordeste','masculino','1984-07-26','2017-01-28'),(11,'Eduardo Silva','Bahia','Nordeste','masculino','1978-04-28','2019-02-19'),(13,'João Aires','Espírito Santo','Sudeste','masculino','1975-09-25','2017-04-30'),(14,'Caio Caldas','Espírito Santo','Sudeste','masculino','1991-12-29','2018-01-26'),(18,'Tiago Pereira','Espírito Santo','Sudeste','masculino','1995-06-03','2019-01-14'),(24,'Bernardo Botelho','Rio Grande do Sul','Sul','masculino','1991-06-26','2018-09-21'),(25,'Victor Ferreira','Rio Grande do Sul','Sul','masculino','1973-08-01','2017-03-29'),(26,'Ruan Lopes','Rio Grande do Sul','Sul','masculino','1988-08-06','2017-01-20'),(27,'Alexandre Rodriguez','Rio Grande do Sul','Sul','masculino','1994-10-30','2018-12-20'),(28,'Caio Vianna','Rio Grande do Sul','Sul','masculino','1980-12-01','2017-02-04'),(29,'Bernardo Nauenberg','Rio Grande do Sul','Sul','masculino','1995-08-13','2017-10-30'),(30,'Rodrigo Bruno','Rio Grande do Sul','Sul','masculino','1976-07-11','2017-10-10'),(31,'Pedro Macckione','Rio Grande do Sul','Sul','masculino','1986-11-06','2018-02-13'),(32,'Giuseppe Bhering','Goiás','Centro-Oeste','masculino','1991-11-07','2017-11-20'),(33,'Wilson Vianna','Goiás','Centro-Oeste','masculino','1981-03-04','2018-02-22'),(34,'Diogo Peixoto','Goiás','Centro-Oeste','masculino','1993-12-01','2017-03-31'),(35,'Cícero Lima','Goiás','Centro-Oeste','masculino','1990-01-16','2017-05-22'),(36,'Raphael Kurtz','Goiás','Centro-Oeste','masculino','1979-08-27','2018-06-24'),(47,'Fabio Boccaletti','Paraná','Sul','masculino','1983-10-29','2018-10-18'),(48,'Pedro Jorge','Paraná','Sul','masculino','1991-06-02','2019-02-26'),(49,'Thiago Miura','Paraná','Sul','masculino','1998-06-13','2017-01-18'),(50,'Henrique Oliveira','Paraná','Sul','masculino','1986-11-30','2018-04-23'),(51,'Caio Ferreira','Paraná','Sul','masculino','1976-01-04','2017-03-15'),(52,'Yasser Calbucci','Paraná','Sul','masculino','1983-03-14','2018-03-24'),(53,'Pedro Costa','São Paulo','Sudeste','masculino','1999-07-21','2018-11-06'),(54,'Bruno Freitas','São Paulo','Sudeste','masculino','1997-10-10','2018-10-17'),(55,'Carlos Portela','São Paulo','Sudeste','masculino','1973-05-23','2018-01-02'),(56,'Thomaz Ferreira','São Paulo','Sudeste','masculino','1998-01-11','2019-02-12'),(57,'Marcos Nucci','São Paulo','Sudeste','masculino','1975-05-04','2018-01-30'),(58,'Júlio Fraga','São Paulo','Sudeste','masculino','1999-07-03','2018-02-27'),(59,'Thiago Costa','São Paulo','Sudeste','masculino','1980-06-05','2018-01-12'),(74,'Guilherme Santos','São Paulo','Sudeste','masculino','1978-01-23','2018-03-16'),(75,'Caio Moraes','São Paulo','Sudeste','masculino','1971-02-04','2019-03-09'),(76,'Matheus Gomes','São Paulo','Sudeste','masculino','1986-04-22','2017-10-06'),(77,'Diego Marchesi','São Paulo','Sudeste','masculino','1972-04-06','2018-04-27'),(78,'Breno Britto','São Paulo','Sudeste','masculino','1992-06-01','2017-07-27'),(79,'Bruno Barcessat','São Paulo','Sudeste','masculino','1978-11-29','2017-09-27'),(80,'Eduardo Soares','Pernambuco','Nordeste','masculino','1983-07-27','2018-11-17'),(81,'Anderson Martins','Pernambuco','Nordeste','masculino','1972-11-30','2018-11-01'),(82,'Stefan Santos','Pernambuco','Nordeste','masculino','1993-08-14','2018-02-21'),(83,'Leandro Melo','Pernambuco','Nordeste','masculino','1995-11-21','2019-04-01'),(84,'Roberto Nogueira','Pernambuco','Nordeste','masculino','1992-11-23','2018-08-15'),(85,'Gustavo Junior','Pernambuco','Nordeste','masculino','1979-02-25','2018-10-14'),(86,'Rodrigo Ramos','Pernambuco','Nordeste','masculino','1984-05-01','2017-12-15'),(87,'Luiz Conceição','Pernambuco','Nordeste','masculino','1996-11-17','2017-06-01'),(88,'Rafael Carneiro','Pernambuco','Nordeste','masculino','1973-03-07','2018-07-26'),(100,'Pedro Santana','Minas Gerais','Sudeste','masculino','1992-12-14','2018-02-20'),(101,'Lucas Chagas','Minas Gerais','Sudeste','masculino','1994-10-29','2019-03-23'),(102,'Wilson Miranda','Minas Gerais','Sudeste','masculino','1984-10-06','2018-07-15'),(103,'Thales Andrade','Minas Gerais','Sudeste','masculino','1982-01-12','2017-08-12'),(104,'Matheus Miranda','Rio de Janeiro','Sudeste','masculino','1992-06-21','2017-04-12'),(105,'Miguel Carneiro','Rio de Janeiro','Sudeste','masculino','1989-12-04','2017-09-10'),(106,'Caio Silva','Rio de Janeiro','Sudeste','masculino','1998-12-18','2017-12-21'),(107,'Rodrigo Silva','Rio de Janeiro','Sudeste','masculino','1996-12-29','2018-02-12'),(108,'Rubens Valente','Rio de Janeiro','Sudeste','masculino','1992-05-15','2017-03-13'),(109,'Ian Almeida','Rio de Janeiro','Sudeste','masculino','1979-10-22','2018-07-22'),(120,'Victor Firmino','Acre','Norte','masculino','1988-11-30','2018-08-06'),(123,'Mateus Polastri','Acre','Norte','masculino','1994-03-11','2018-12-30');

INSERT INTO alugueis VALUES (1,41,8,NULL,'2018-10-09'),(2,10,29,'10','2017-03-01'),(3,108,45,'4','2018-06-08'),(4,39,66,'8','2018-10-22'),(5,104,15,'7','2019-03-18'),(6,50,71,'7','2018-10-09'),(7,52,21,NULL,'2018-11-10'),(8,73,65,'10','2018-06-05'),(9,78,2,NULL,'2017-09-03'),(10,121,43,NULL,'2017-11-08'),(11,61,61,NULL,'2017-06-04'),(12,52,65,'10','2018-06-29'),(13,34,58,'7','2017-05-14'),(14,8,29,NULL,'2018-08-03'),(15,13,5,'10','2017-11-25'),(16,59,59,NULL,'2018-08-12'),(17,22,46,'10','2019-02-16'),(18,36,39,'10','2019-03-20'),(19,99,12,NULL,'2018-09-16'),(20,73,32,NULL,'2018-09-01'),(21,30,60,'10','2018-02-20'),(22,19,35,NULL,'2017-05-03'),(23,46,6,'9','2018-04-09'),(24,57,41,'7','2018-08-16'),(25,66,49,'7','2017-08-09'),(26,118,27,'8','2018-12-01'),(27,7,36,NULL,'2019-03-14'),(28,113,40,'7','2018-04-05'),(29,102,66,'7','2018-07-25'),(30,65,47,'10','2017-11-17'),(31,29,64,NULL,'2018-11-20'),(32,8,42,'10','2019-02-13'),(33,111,63,'8','2018-07-11'),(34,52,14,'6','2018-09-02'),(35,91,7,'8','2019-03-27'),(36,87,19,NULL,'2017-12-03'),(37,92,37,NULL,'2018-05-26'),(38,108,62,'10','2018-09-15'),(39,25,52,NULL,'2018-08-28'),(40,39,27,'8','2019-03-22'),(41,70,57,'9','2018-05-13'),(42,31,43,'6','2019-02-26'),(43,109,35,NULL,'2019-01-22'),(44,62,52,'6','2019-01-04'),(45,12,10,'6','2019-04-13'),(46,105,12,'10','2018-05-30'),(47,72,67,NULL,'2018-05-19'),(48,57,25,NULL,'2018-06-06'),(49,117,15,NULL,'2019-03-01'),(50,29,23,NULL,'2018-08-02'),(51,94,60,NULL,'2018-02-03'),(52,103,70,NULL,'2018-10-11'),(53,3,23,NULL,'2019-03-13'),(54,47,42,'8','2019-03-13'),(55,66,37,NULL,'2018-04-09'),(56,81,6,'10','2018-12-25'),(57,25,29,'6','2018-04-05'),(58,56,50,'6','2019-05-01'),(59,41,44,'4','2017-09-18'),(60,99,14,NULL,'2018-04-18'),(61,89,57,'8','2018-04-23'),(62,76,45,'7','2019-04-17'),(63,94,49,'10','2018-12-10'),(64,28,7,'7','2018-03-22'),(65,61,29,'9','2018-11-27'),(66,111,34,NULL,'2017-09-26'),(67,42,21,NULL,'2019-03-19'),(68,21,6,'9','2017-06-29'),(69,18,16,'6','2019-03-06'),(70,10,44,NULL,'2017-12-17'),(71,111,1,'5','2018-07-21'),(72,63,66,'5','2018-12-31'),(73,103,33,'9','2017-09-04'),(74,13,34,'7','2017-06-28'),(75,26,70,NULL,'2017-11-03'),(76,112,10,NULL,'2018-08-31'),(77,99,8,NULL,'2017-08-19'),(78,31,13,'10','2018-08-02'),(79,35,69,'9','2017-07-03'),(80,72,64,NULL,'2017-09-12'),(81,114,30,'10','2019-02-09'),(82,74,29,NULL,'2019-02-15'),(83,120,61,'6','2018-08-26'),(84,82,12,NULL,'2018-03-01'),(85,95,63,'10','2017-12-30'),(86,121,19,'9','2018-10-12'),(87,64,63,NULL,'2019-04-24'),(88,114,16,NULL,'2018-05-20'),(89,25,8,NULL,'2018-11-29'),(90,86,9,'10','2018-09-09'),(91,118,40,'5','2018-09-22'),(92,112,47,'9','2019-03-12'),(93,54,2,'8','2018-11-02'),(94,91,54,NULL,'2018-11-23'),(95,107,49,'9','2019-02-09'),(96,97,4,'7','2018-01-15'),(97,35,58,'9','2017-06-19'),(98,93,40,'7','2018-12-06'),(99,96,36,'7','2019-04-21'),(100,33,18,'6','2018-08-23'),(101,62,36,NULL,'2019-03-03'),(102,92,66,'6','2018-08-18'),(103,46,36,'7','2017-09-16'),(104,100,29,'6','2019-03-11'),(105,91,62,'9','2018-11-30'),(106,27,7,NULL,'2019-02-27'),(107,24,36,NULL,'2019-04-19'),(108,31,33,NULL,'2018-10-02'),(109,21,1,NULL,'2018-07-17'),(110,67,31,NULL,'2018-12-12'),(111,113,24,'6','2018-02-04'),(112,21,30,'5','2018-09-06'),(113,49,51,'9','2018-02-16'),(114,85,36,'8','2019-02-09'),(115,13,44,'7','2019-02-06'),(116,57,56,'9','2019-02-06'),(117,84,53,NULL,'2018-10-27'),(118,35,31,'5','2017-10-02'),(119,27,21,'7','2019-03-08'),(120,116,50,NULL,'2018-07-25'),(121,38,49,'8','2017-12-19'),(122,26,19,NULL,'2018-05-13'),(123,77,25,'7','2018-12-10'),(124,107,6,NULL,'2018-06-14'),(125,52,16,'9','2018-08-10'),(126,53,57,'9','2019-04-25'),(127,46,25,NULL,'2018-01-04'),(128,44,14,NULL,'2019-04-18'),(129,107,49,'9','2018-10-13'),(130,71,40,'10','2019-04-24'),(131,92,19,NULL,'2018-11-27'),(132,90,22,NULL,'2019-03-15'),(133,26,24,'10','2018-11-29'),(134,67,52,NULL,'2018-12-09'),(135,88,34,NULL,'2019-04-22'),(136,108,25,'8','2017-11-03'),(137,121,32,NULL,'2018-09-07'),(138,55,59,NULL,'2018-03-15'),(139,74,46,'7','2018-05-11'),(140,92,52,NULL,'2019-01-11'),(141,54,63,'9','2019-02-17'),(142,19,53,NULL,'2019-02-09'),(143,62,63,NULL,'2019-02-07'),(144,94,61,'10','2017-12-28'),(145,109,10,'6','2019-02-16'),(146,95,34,'10','2017-09-05'),(147,58,64,'5','2018-06-27'),(148,114,52,NULL,'2019-01-26'),(149,49,46,NULL,'2017-06-02'),(150,64,40,NULL,'2018-12-14'),(151,26,23,'8','2017-12-25'),(152,97,63,NULL,'2017-07-28'),(153,113,8,NULL,'2018-01-13'),(154,79,23,'8','2018-06-19'),(155,78,26,'7','2018-07-13'),(156,76,62,NULL,'2018-12-06'),(157,66,46,'9','2017-04-20'),(158,25,12,NULL,'2019-03-14'),(159,73,56,'7','2018-08-01'),(160,64,32,'9','2019-02-20'),(161,46,10,'8','2018-07-13'),(162,92,36,'8','2018-01-28'),(163,80,3,NULL,'2019-03-18'),(164,94,23,'8','2017-09-30'),(165,88,69,NULL,'2019-03-12'),(166,100,17,NULL,'2018-07-28'),(167,100,39,'10','2018-04-07'),(168,61,41,NULL,'2017-10-26'),(169,65,38,'10','2018-02-11'),(170,36,1,'10','2018-10-18'),(171,25,40,NULL,'2019-03-24'),(172,49,41,'8','2017-10-30'),(173,118,39,NULL,'2018-09-12'),(174,28,29,NULL,'2018-07-03'),(175,38,47,'9','2018-06-01'),(176,84,3,NULL,'2019-02-15'),(177,102,64,'10','2018-12-06'),(178,121,70,'9','2019-01-28'),(179,49,51,'6','2019-04-30'),(180,79,35,'7','2018-07-16'),(181,112,18,NULL,'2018-03-22'),(182,92,46,NULL,'2018-11-26'),(183,120,35,'8','2019-03-22'),(184,25,10,'6','2019-01-01'),(185,55,27,NULL,'2018-03-08'),(186,109,62,'7','2019-01-18'),(187,7,44,'8','2018-06-23'),(188,89,26,NULL,'2017-08-02'),(189,99,49,'10','2018-11-12'),(190,63,55,'5','2018-12-17'),(191,58,26,'10','2019-04-08'),(192,22,14,NULL,'2018-12-22'),(193,55,15,NULL,'2018-02-01'),(194,103,67,NULL,'2017-11-18'),(195,21,26,NULL,'2017-12-19'),(196,98,50,'9','2019-01-31'),(197,38,53,NULL,'2018-11-05'),(198,15,69,'9','2018-11-18'),(199,111,20,NULL,'2017-08-17'),(200,86,46,'3','2018-08-26'),(201,61,24,'8','2019-03-20'),(202,113,27,NULL,'2017-11-12'),(203,2,41,'6','2019-04-07'),(204,64,57,NULL,'2019-04-10'),(205,29,10,NULL,'2018-03-15'),(206,7,16,NULL,'2019-04-27'),(207,52,25,'5','2018-04-03'),(208,43,2,'7','2018-11-17'),(209,105,5,'9','2019-02-25'),(210,94,1,'7','2017-05-03'),(211,33,1,NULL,'2018-11-28'),(212,28,61,'8','2017-07-02'),(213,111,10,NULL,'2017-10-30'),(214,98,10,NULL,'2019-03-09'),(215,113,10,'6','2018-01-02'),(216,108,32,'7','2017-05-06'),(217,89,23,'7','2017-03-11'),(218,94,34,'6','2018-04-03'),(219,88,51,'8','2019-01-15'),(220,104,19,NULL,'2018-03-15'),(221,113,4,NULL,'2017-09-25'),(222,26,37,NULL,'2017-01-30'),(223,110,4,'7','2018-05-08'),(224,26,61,NULL,'2017-02-01'),(225,33,53,NULL,'2019-03-25'),(226,95,4,'9','2017-09-16'),(227,89,51,'10','2017-04-26'),(228,41,44,NULL,'2017-11-16'),(229,92,44,'7','2018-11-09'),(230,110,64,'8','2018-06-09'),(231,114,39,'6','2017-03-21'),(232,52,27,'8','2018-11-22'),(233,45,71,NULL,'2018-01-21'),(234,104,28,'4','2018-10-04'),(235,46,22,NULL,'2017-07-05'),(236,104,50,'7','2017-11-04'),(237,10,38,NULL,'2018-06-29'),(238,118,11,NULL,'2018-11-02'),(239,121,42,'10','2018-01-31'),(240,67,24,'8','2019-02-24'),(241,72,47,'7','2019-03-04'),(242,87,8,'8','2018-08-08'),(243,7,5,'10','2019-01-11'),(244,113,12,'7','2018-06-18'),(245,115,69,NULL,'2019-04-24'),(246,108,28,'9','2018-03-09'),(247,30,60,NULL,'2019-02-19'),(248,77,18,'10','2018-11-12'),(249,97,25,'10','2017-10-24'),(250,49,63,'9','2017-05-04'),(251,25,34,'10','2017-08-01'),(252,8,61,NULL,'2018-08-07'),(253,99,27,'9','2017-09-03'),(254,65,4,NULL,'2017-06-07'),(255,31,52,NULL,'2018-06-11'),(256,54,38,'6','2019-04-25'),(257,106,51,'8','2019-04-02'),(258,65,44,'8','2018-08-28'),(259,45,17,'8','2018-09-17'),(260,28,41,'7','2019-03-21'),(261,113,28,'8','2018-08-24'),(262,51,18,'10','2017-08-18'),(263,61,53,NULL,'2018-12-14'),(264,112,22,'10','2018-06-29'),(265,66,24,NULL,'2019-02-12'),(266,77,54,'6','2018-11-01'),(267,100,19,'7','2019-02-06'),(268,35,27,NULL,'2019-03-21'),(269,14,61,NULL,'2018-03-21'),(270,80,19,'8','2019-01-12'),(271,103,52,'7','2018-04-11'),(272,21,31,NULL,'2018-07-09'),(273,8,5,'10','2019-01-21'),(274,97,15,NULL,'2018-10-01'),(275,118,50,'10','2018-04-21'),(276,33,11,NULL,'2018-04-21'),(277,30,11,NULL,'2018-05-21'),(278,71,22,'9','2017-12-28'),(279,21,62,NULL,'2018-08-30'),(280,114,22,'9','2017-09-29'),(281,38,16,'9','2018-02-03'),(282,107,30,'7','2018-10-10'),(283,93,54,'9','2018-11-14'),(284,87,45,'8','2017-08-25'),(285,66,67,'6','2017-07-04'),(286,81,65,'7','2018-11-25'),(287,47,32,NULL,'2018-11-14'),(288,52,22,'7','2019-04-28'),(289,106,41,NULL,'2018-06-15'),(290,52,6,'9','2019-01-28'),(291,14,57,'8','2018-04-07'),(292,4,3,'8','2018-05-09'),(293,104,30,NULL,'2019-02-15'),(294,84,28,'10','2018-12-16'),(295,76,51,'8','2018-08-13'),(296,44,53,'8','2019-01-04'),(297,51,33,'7','2018-11-22'),(298,94,55,'10','2019-04-27'),(299,95,1,NULL,'2018-10-05'),(300,28,49,NULL,'2018-04-14'),(301,44,18,'10','2018-10-22'),(302,93,10,'9','2017-11-06'),(303,121,58,NULL,'2018-04-04'),(304,74,33,NULL,'2018-10-16'),(305,97,49,'10','2017-07-16'),(306,102,48,NULL,'2018-07-23'),(307,28,65,'9','2018-09-12'),(308,114,9,NULL,'2019-02-08'),(309,10,38,NULL,'2018-06-24'),(310,92,50,'7','2018-03-06'),(311,43,32,NULL,'2019-02-07'),(312,69,5,NULL,'2019-02-03'),(313,7,4,NULL,'2018-09-22'),(314,87,54,'10','2018-06-20'),(315,81,57,NULL,'2019-01-23'),(316,16,14,'9','2018-12-01'),(317,66,25,'6','2018-11-13'),(318,107,30,NULL,'2018-11-17'),(319,16,33,'9','2019-03-21'),(320,79,24,'10','2018-04-26'),(321,111,70,NULL,'2018-11-20'),(322,23,23,'9','2017-11-21'),(323,72,6,'7','2017-10-24'),(324,96,16,'9','2019-02-24'),(325,113,28,NULL,'2017-07-19'),(326,51,37,NULL,'2017-07-25'),(327,98,15,'6','2019-04-25'),(328,30,44,NULL,'2018-04-29'),(329,67,57,'9','2019-02-13'),(330,93,22,'8','2018-11-20'),(331,32,69,'7','2018-02-08'),(332,100,68,NULL,'2018-09-04'),(333,1,3,NULL,'2018-11-14'),(334,17,28,'10','2018-04-24'),(335,118,25,'8','2017-12-12'),(336,98,9,'8','2018-07-17'),(337,49,58,NULL,'2017-08-18'),(338,31,4,NULL,'2018-06-07'),(339,8,2,NULL,'2018-11-18'),(340,45,71,'9','2018-10-19'),(341,99,58,NULL,'2018-06-06'),(342,66,61,'9','2017-03-04'),(343,112,12,NULL,'2018-09-24'),(344,23,23,NULL,'2018-05-26'),(345,91,7,'7','2018-06-18'),(346,114,37,NULL,'2017-11-24'),(347,45,52,'5','2018-10-18'),(348,108,57,NULL,'2019-04-09'),(349,13,14,'5','2017-09-08'),(350,113,3,NULL,'2018-04-20'),(351,106,4,'8','2018-07-15'),(352,114,40,'10','2017-11-21'),(353,62,67,'10','2018-12-20'),(354,73,4,NULL,'2018-10-23'),(355,121,7,NULL,'2017-11-13'),(356,85,24,NULL,'2019-03-24'),(357,110,29,'8','2018-04-08'),(358,4,12,'7','2017-12-23'),(359,102,26,NULL,'2019-01-25'),(360,85,36,NULL,'2019-04-06'),(361,93,27,'9','2018-04-26'),(362,108,69,NULL,'2018-12-18'),(363,8,33,'7','2018-09-19'),(364,30,29,'7','2019-03-17'),(365,71,20,NULL,'2018-11-14'),(366,25,28,'7','2018-05-26'),(367,49,62,'7','2017-03-22'),(368,21,35,'9','2017-08-17'),(369,32,28,'7','2019-03-13'),(370,66,14,NULL,'2018-08-09'),(371,1,13,NULL,'2018-11-12'),(372,21,54,NULL,'2018-11-04'),(373,21,39,NULL,'2019-01-21'),(374,87,63,'10','2018-02-27'),(375,110,53,'6','2018-02-18'),(376,26,37,'9','2018-04-12'),(377,13,28,NULL,'2018-05-28'),(378,28,41,NULL,'2017-02-16'),(379,61,63,'10','2017-09-23'),(380,114,14,'6','2017-08-01'),(381,104,49,NULL,'2018-06-14'),(382,41,22,'9','2018-07-19'),(383,61,45,'9','2018-08-18'),(384,113,42,NULL,'2017-10-21'),(385,43,12,'6','2018-10-06'),(386,8,16,'10','2018-06-29'),(387,66,7,'10','2017-12-14'),(388,28,33,NULL,'2017-09-10'),(389,78,36,'7','2017-12-20'),(390,21,16,NULL,'2018-08-19'),(391,19,18,'9','2018-11-07'),(392,109,58,'9','2018-12-28'),(393,90,26,'8','2019-04-08'),(394,80,26,NULL,'2019-02-28'),(395,115,11,NULL,'2019-04-07'),(396,7,40,'10','2018-09-11'),(397,82,41,'9','2019-03-08'),(398,8,37,NULL,'2018-03-23'),(399,37,36,NULL,'2018-12-12'),(400,6,10,NULL,'2018-11-03'),(401,82,27,'7','2018-03-12'),(402,39,25,'8','2018-03-20'),(403,65,11,NULL,'2017-04-11'),(404,87,48,'10','2018-06-05'),(405,113,30,NULL,'2017-07-07'),(406,23,3,NULL,'2017-10-22'),(407,84,48,NULL,'2018-09-10'),(408,55,61,NULL,'2018-10-20'),(409,46,36,'5','2018-06-17'),(410,96,3,'10','2018-10-20'),(411,58,50,'10','2019-01-23'),(412,103,41,'10','2018-06-22'),(413,92,29,'10','2018-02-07'),(414,59,4,'10','2018-06-04'),(415,106,71,NULL,'2018-11-25'),(416,108,70,'10','2017-04-09'),(417,103,23,'10','2017-12-31'),(418,17,4,'9','2019-01-02'),(419,31,12,'9','2019-02-21'),(420,26,41,'8','2019-01-09'),(421,1,71,'10','2019-01-21'),(422,49,67,'7','2018-09-10'),(423,35,34,'6','2018-07-14'),(424,50,25,NULL,'2019-04-11'),(425,21,9,'7','2019-02-15'),(426,46,68,'5','2017-11-24'),(427,65,47,NULL,'2018-07-01'),(428,79,41,NULL,'2018-06-09'),(429,55,21,NULL,'2018-02-09'),(430,58,68,'7','2018-12-22'),(431,19,7,NULL,'2018-09-14'),(432,107,40,NULL,'2019-03-09'),(433,113,42,'10','2017-08-30'),(434,19,52,'9','2018-06-24'),(435,98,2,'7','2017-10-02'),(436,116,45,NULL,'2018-10-28'),(437,99,33,'10','2019-04-28'),(438,66,61,'9','2018-04-10'),(439,64,27,NULL,'2019-02-23'),(440,18,49,'10','2019-01-21'),(441,50,27,'9','2018-04-26'),(442,38,58,NULL,'2018-08-08'),(443,83,54,'7','2019-04-20'),(444,120,59,'3','2018-08-10'),(445,117,63,NULL,'2019-04-04'),(446,37,68,NULL,'2019-02-27'),(447,85,30,NULL,'2019-01-15'),(448,123,64,'10','2019-03-22'),(449,72,66,NULL,'2018-08-01'),(450,23,54,'7','2019-02-11'),(451,111,15,NULL,'2019-03-25'),(452,49,7,NULL,'2018-03-07'),(453,121,52,'7','2018-07-10'),(454,118,32,'6','2018-08-28'),(455,86,35,NULL,'2018-11-25'),(456,7,3,NULL,'2018-05-23'),(457,25,30,'7','2019-03-03'),(458,93,47,NULL,'2019-04-24'),(459,50,38,NULL,'2018-08-20'),(460,97,34,'9','2017-10-23'),(461,68,67,NULL,'2019-04-27'),(462,58,43,NULL,'2019-02-22'),(463,29,68,NULL,'2018-08-28'),(464,108,9,NULL,'2018-02-11'),(465,84,42,NULL,'2019-02-11'),(466,17,21,NULL,'2018-06-20'),(467,99,41,'8','2017-12-21'),(468,15,32,'7','2019-01-30'),(469,35,69,'8','2018-04-05'),(470,108,29,NULL,'2017-04-25'),(471,49,3,NULL,'2019-01-01'),(472,54,33,NULL,'2019-02-09'),(473,60,58,NULL,'2019-03-24'),(474,123,51,'10','2019-01-07'),(475,21,4,'6','2019-02-07'),(476,78,42,'10','2018-07-04'),(477,5,68,NULL,'2019-04-01'),(478,4,13,'7','2018-04-13'),(479,42,70,'5','2019-02-17'),(480,53,42,NULL,'2019-04-15'),(481,94,7,NULL,'2017-04-20'),(482,113,1,NULL,'2018-11-29'),(483,49,2,'7','2017-04-02'),(484,19,11,NULL,'2019-02-23'),(485,30,16,NULL,'2018-05-04'),(486,41,40,NULL,'2018-06-29'),(487,61,48,'10','2017-08-14'),(488,100,71,'6','2019-04-09'),(489,14,27,NULL,'2018-10-21'),(490,52,19,'9','2018-07-28'),(491,49,31,'8','2017-12-17'),(492,103,17,NULL,'2019-04-13'),(493,102,1,'7','2018-10-28'),(494,105,13,'7','2019-03-06'),(495,41,66,'8','2018-10-21'),(496,13,69,'6','2017-07-20'),(497,23,24,NULL,'2018-04-22'),(498,115,42,NULL,'2019-03-16'),(499,98,41,'7','2017-12-01'),(500,17,57,'10','2018-11-05'),(501,97,20,'7','2017-12-30'),(502,35,58,NULL,'2017-12-27'),(503,114,12,NULL,'2017-08-05'),(504,26,3,NULL,'2017-02-14'),(505,91,61,NULL,'2018-01-28'),(506,105,26,NULL,'2018-10-07'),(507,98,37,'7','2018-02-09'),(508,21,16,NULL,'2018-02-09'),(509,59,14,'6','2018-06-05'),(510,36,31,NULL,'2018-09-19'),(511,26,45,'7','2017-05-15'),(512,91,62,NULL,'2019-04-04'),(513,116,59,'9','2019-02-08'),(514,92,31,'6','2018-05-20'),(515,104,14,'7','2017-07-24'),(516,72,30,NULL,'2017-10-22'),(517,25,5,NULL,'2017-09-13'),(518,1,25,NULL,'2018-12-17'),(519,111,58,NULL,'2017-06-27'),(520,1,39,'6','2018-12-29'),(521,110,20,NULL,'2018-09-09'),(522,86,33,NULL,'2018-04-27'),(523,27,38,'10','2019-03-22'),(524,15,60,'7','2018-09-07'),(525,14,4,'7','2018-09-09'),(526,109,52,'7','2019-03-03'),(527,112,37,'7','2019-01-08'),(528,49,27,NULL,'2017-04-12'),(529,39,23,'6','2018-09-26'),(530,104,17,NULL,'2019-04-19'),(531,121,48,NULL,'2018-06-04'),(532,79,7,'8','2019-02-08'),(533,123,12,'8','2019-01-16'),(534,65,26,NULL,'2017-08-20'),(535,57,32,NULL,'2018-04-21'),(536,7,50,'8','2018-09-16'),(537,82,52,'9','2019-03-06'),(538,76,36,'9','2019-01-06'),(539,65,45,NULL,'2017-07-29'),(540,91,4,'8','2018-04-26'),(541,123,64,NULL,'2019-04-15'),(542,110,50,'7','2018-06-04'),(543,89,54,NULL,'2018-11-06'),(544,17,41,NULL,'2018-06-14'),(545,94,54,'10','2019-01-23'),(546,111,41,'8','2018-06-08'),(547,65,63,NULL,'2018-08-17'),(548,34,70,'7','2018-07-11'),(549,119,44,'10','2019-04-29'),(550,21,53,'8','2019-03-17'),(551,86,13,'8','2018-08-29'),(552,28,56,'1','2017-03-27'),(553,93,59,NULL,'2017-04-28'),(554,34,49,'8','2019-04-22'),(555,10,5,NULL,'2018-12-02'),(556,94,42,NULL,'2018-08-20'),(557,78,25,'8','2018-10-11'),(558,41,19,'3','2019-01-13'),(559,93,3,NULL,'2018-02-17'),(560,11,49,'6','2019-04-18'),(561,113,36,'5','2018-06-29'),(562,33,18,NULL,'2019-03-10'),(563,29,5,NULL,'2018-05-11'),(564,114,68,'7','2017-12-06'),(565,63,53,'10','2018-10-25'),(566,28,45,'7','2018-05-29'),(567,28,49,'8','2019-02-24'),(568,29,43,NULL,'2018-09-15'),(569,78,26,NULL,'2018-08-16'),(570,87,56,NULL,'2018-03-31'),(571,92,28,'9','2018-11-22'),(572,4,61,'6','2019-04-16'),(573,111,23,NULL,'2018-09-24'),(574,7,14,NULL,'2019-02-08'),(575,45,31,'10','2018-06-09'),(576,38,25,NULL,'2018-09-02'),(577,35,65,'9','2017-07-03'),(578,35,16,NULL,'2017-06-20');

SELECT COUNT(*) as "Atores" FROM atores;

SELECT COUNT(*) as "Clientes" FROM clientes;

SELECT COUNT(*) as "Alugueis" From alugueis;

SELECT COUNT(*) as "Filmes Lançados Depois de 2009" FROM filmes where ano_lancamento > 2009;

SELECT COUNT(DISTINCT genero) as "Qtd. gêneros" FROM filmes;

SELECT COUNT(DISTINCT nacionalidade) as "Qtd. nacionalidade" FROM atores ;

SELECT AVG(nota) FROM alugueis;

SELECT ROUND(AVG(YEAR(CURDATE()) -(YEAR(data_nascimento)))) as "Média da Data de Nascimento" FROM clientes;
SELECT genero, COUNT(*) as quantidade_filmes FROM filmes GROUP BY genero ORDER BY quantidade_filmes DESC;

SELECT genero, ROUND(AVG(preco_aluguel)) FROM filmes GROUP BY genero;

SELECT genero, ROUND(AVG(preco_aluguel)) as media_aluguel FROM filmes GROUP BY genero ORDER BY media_aluguel DESC;